-- phpMyAdmin SQL Dump
-- version 4.9.7
-- https://www.phpmyadmin.net/
--
-- Host: localhost:3306
-- Waktu pembuatan: 15 Bulan Mei 2022 pada 14.50
-- Versi server: 10.5.15-MariaDB-cll-lve
-- Versi PHP: 7.3.33

SET SQL_MODE = "NO_AUTO_VALUE_ON_ZERO";
SET AUTOCOMMIT = 0;
START TRANSACTION;
SET time_zone = "+00:00";


/*!40101 SET @OLD_CHARACTER_SET_CLIENT=@@CHARACTER_SET_CLIENT */;
/*!40101 SET @OLD_CHARACTER_SET_RESULTS=@@CHARACTER_SET_RESULTS */;
/*!40101 SET @OLD_COLLATION_CONNECTION=@@COLLATION_CONNECTION */;
/*!40101 SET NAMES utf8mb4 */;

--
-- Database: `u1554775_ayam`
--

-- --------------------------------------------------------

--
-- Struktur dari tabel `detail_riwayat`
--

CREATE TABLE `detail_riwayat` (
  `id` int(11) NOT NULL,
  `id_riwayat` int(11) NOT NULL,
  `id_gejala` int(11) NOT NULL
) ENGINE=InnoDB DEFAULT CHARSET=latin1;

--
-- Dumping data untuk tabel `detail_riwayat`
--

INSERT INTO `detail_riwayat` (`id`, `id_riwayat`, `id_gejala`) VALUES
(1, 1, 54),
(2, 1, 55),
(3, 1, 56),
(4, 1, 57),
(5, 2, 1),
(6, 2, 5),
(7, 2, 8),
(8, 3, 1),
(9, 3, 5),
(10, 3, 8),
(11, 3, 54),
(12, 3, 55),
(13, 3, 56),
(14, 3, 57),
(15, 3, 58),
(16, 4, 7),
(17, 4, 9),
(18, 4, 11),
(19, 4, 30),
(20, 5, 52),
(21, 5, 54),
(22, 5, 57),
(23, 5, 59),
(24, 6, 22),
(25, 6, 25),
(26, 6, 54),
(27, 6, 55),
(28, 7, 22),
(29, 7, 25),
(30, 7, 35),
(31, 7, 39),
(32, 7, 52),
(33, 7, 54),
(34, 7, 55),
(35, 8, 6),
(36, 8, 7),
(37, 8, 25),
(38, 8, 26),
(39, 8, 59),
(40, 9, 6),
(41, 9, 11),
(42, 9, 22),
(43, 9, 26),
(44, 9, 36),
(45, 9, 43),
(46, 9, 52),
(47, 10, 6),
(48, 10, 11),
(49, 10, 36),
(50, 10, 43),
(51, 10, 52),
(52, 11, 125),
(53, 11, 126),
(54, 11, 127),
(55, 12, 4),
(56, 12, 5),
(57, 12, 12),
(58, 12, 36),
(59, 12, 42),
(60, 12, 49),
(61, 13, 95),
(62, 13, 106),
(63, 13, 108),
(64, 13, 109),
(65, 14, 1),
(66, 14, 2),
(67, 14, 3),
(68, 14, 4),
(69, 15, 1),
(70, 15, 2),
(71, 15, 3),
(72, 15, 4),
(73, 15, 5),
(74, 15, 6),
(75, 15, 7),
(76, 16, 1),
(77, 16, 2),
(78, 16, 3),
(79, 16, 4),
(80, 16, 5),
(81, 16, 6),
(82, 16, 7),
(83, 16, 190),
(84, 16, 191),
(85, 16, 192),
(86, 17, 254),
(87, 18, 198),
(88, 18, 203),
(89, 18, 214),
(90, 18, 218),
(91, 18, 228),
(92, 18, 235),
(93, 18, 244),
(94, 19, 198),
(95, 19, 203),
(96, 19, 214),
(97, 19, 218),
(98, 19, 228),
(99, 19, 235),
(100, 19, 243),
(101, 20, 198),
(102, 20, 199),
(103, 20, 200),
(104, 20, 206),
(105, 20, 207),
(106, 20, 209),
(107, 20, 210),
(108, 20, 228),
(109, 21, 198),
(110, 21, 199),
(111, 21, 200),
(112, 21, 206),
(113, 21, 207),
(114, 21, 209),
(115, 21, 210),
(116, 21, 228),
(117, 22, 225),
(118, 22, 236),
(119, 22, 238),
(120, 22, 239),
(121, 23, 198),
(122, 23, 203),
(123, 23, 214),
(124, 23, 218),
(125, 23, 228),
(126, 23, 235),
(127, 23, 243),
(128, 24, 193),
(129, 24, 195),
(130, 24, 196),
(131, 24, 197),
(132, 24, 199),
(133, 24, 202),
(134, 24, 204),
(135, 24, 206),
(136, 25, 193),
(137, 25, 195),
(138, 25, 196),
(139, 25, 197),
(140, 25, 199),
(141, 25, 202),
(142, 25, 204),
(143, 25, 206),
(144, 26, 198),
(145, 26, 199),
(146, 26, 200),
(147, 26, 206),
(148, 26, 207),
(149, 26, 209),
(150, 26, 210),
(151, 26, 228),
(152, 27, 196),
(153, 27, 198),
(154, 27, 199),
(155, 27, 205),
(156, 27, 217),
(157, 27, 222),
(158, 27, 249),
(159, 28, 198),
(160, 28, 199),
(161, 28, 200),
(162, 28, 206),
(163, 28, 207),
(164, 28, 209),
(165, 28, 210),
(166, 28, 228),
(167, 29, 199),
(168, 29, 200),
(169, 29, 201),
(170, 30, 193),
(171, 30, 194),
(172, 30, 195),
(173, 30, 196),
(174, 30, 197),
(175, 30, 198),
(176, 30, 199),
(177, 30, 200),
(178, 30, 201),
(179, 30, 202),
(180, 31, 198),
(181, 31, 199),
(182, 31, 200),
(183, 31, 206),
(184, 31, 207),
(185, 31, 209),
(186, 31, 210),
(187, 32, 198),
(188, 32, 199),
(189, 32, 200),
(190, 32, 201),
(191, 32, 206),
(192, 32, 207),
(193, 32, 209),
(194, 32, 210),
(195, 32, 228),
(196, 33, 198),
(197, 33, 199),
(198, 33, 200),
(199, 33, 206),
(200, 33, 207),
(201, 33, 209),
(202, 33, 210),
(203, 33, 228),
(204, 34, 198),
(205, 34, 203),
(206, 34, 214),
(207, 34, 218),
(208, 34, 228),
(209, 34, 235),
(210, 34, 243),
(211, 35, 193),
(212, 35, 196),
(213, 35, 197),
(214, 35, 198),
(215, 35, 199),
(216, 35, 212),
(217, 35, 218),
(218, 35, 221),
(219, 35, 222),
(220, 35, 234),
(221, 35, 236),
(222, 35, 237),
(223, 35, 240),
(224, 36, 193),
(225, 36, 199),
(226, 36, 200),
(227, 36, 204),
(228, 36, 218),
(229, 36, 220),
(230, 36, 222),
(231, 36, 225),
(232, 36, 237),
(233, 36, 241),
(234, 37, 198),
(235, 37, 204),
(236, 37, 211),
(237, 37, 214),
(238, 37, 216),
(239, 37, 226),
(240, 37, 228),
(241, 37, 241),
(242, 37, 249),
(243, 38, 193),
(244, 38, 194),
(245, 38, 196),
(246, 38, 197),
(247, 38, 221),
(248, 38, 223),
(249, 38, 241),
(250, 38, 242),
(251, 38, 243),
(252, 38, 244),
(253, 39, 198),
(254, 39, 217),
(255, 39, 218),
(256, 39, 234),
(257, 39, 245),
(258, 40, 198),
(259, 40, 202),
(260, 40, 214),
(261, 40, 217),
(262, 40, 220),
(263, 40, 226),
(264, 40, 227),
(265, 40, 228),
(266, 40, 229),
(267, 40, 230),
(268, 41, 214),
(269, 41, 217),
(270, 41, 227),
(271, 41, 231),
(272, 41, 244),
(273, 41, 246),
(274, 41, 247),
(275, 42, 198),
(276, 42, 199),
(277, 42, 201),
(278, 42, 248),
(279, 42, 249),
(280, 43, 193),
(281, 43, 196),
(282, 43, 197),
(283, 43, 199),
(284, 43, 201),
(285, 43, 218),
(286, 43, 222),
(287, 43, 224),
(288, 43, 240),
(289, 43, 249),
(290, 43, 254),
(291, 44, 196),
(292, 44, 197),
(293, 44, 204),
(294, 44, 228),
(295, 44, 234),
(296, 44, 241),
(297, 45, 199),
(298, 45, 208),
(299, 45, 215),
(300, 45, 216),
(301, 45, 217),
(302, 45, 244),
(303, 45, 250),
(304, 46, 198),
(305, 46, 208),
(306, 46, 216),
(307, 46, 222),
(308, 46, 232),
(309, 46, 233),
(310, 46, 244),
(311, 46, 247),
(312, 46, 248),
(313, 46, 252),
(314, 47, 198),
(315, 47, 199),
(316, 47, 200),
(317, 47, 215),
(318, 47, 217),
(319, 47, 234),
(320, 47, 251),
(321, 48, 216),
(322, 48, 217),
(323, 48, 229),
(324, 48, 251),
(325, 48, 252),
(326, 49, 193),
(327, 49, 197),
(328, 49, 224),
(329, 49, 241),
(330, 49, 252),
(331, 50, 193),
(332, 50, 194),
(333, 50, 195),
(334, 50, 197),
(335, 50, 199),
(336, 50, 200),
(337, 50, 213),
(338, 50, 216),
(339, 50, 218),
(340, 50, 219),
(341, 50, 220),
(342, 50, 223),
(343, 50, 240),
(344, 50, 250),
(345, 51, 196),
(346, 51, 198),
(347, 51, 199),
(348, 51, 205),
(349, 51, 217),
(350, 51, 222),
(351, 51, 249),
(352, 52, 198),
(353, 52, 199),
(354, 52, 217),
(355, 52, 218),
(356, 52, 251),
(357, 53, 198),
(358, 53, 199),
(359, 53, 200),
(360, 53, 206),
(361, 53, 207),
(362, 53, 209),
(363, 53, 210),
(364, 53, 228),
(365, 54, 236),
(366, 54, 238),
(367, 54, 239),
(368, 55, 217),
(369, 55, 218),
(370, 55, 251),
(371, 56, 198),
(372, 56, 200),
(373, 56, 208),
(374, 57, 198),
(375, 57, 200),
(376, 57, 208),
(377, 58, 193),
(378, 58, 194),
(379, 58, 195),
(380, 59, 198),
(381, 59, 199),
(382, 59, 200),
(383, 60, 193),
(384, 60, 194),
(385, 60, 195),
(386, 61, 193),
(387, 61, 194),
(388, 62, 193),
(389, 62, 194),
(390, 63, 193),
(391, 64, 193),
(392, 64, 194),
(393, 64, 195),
(394, 64, 196),
(395, 64, 197),
(396, 65, 194),
(397, 65, 198),
(398, 65, 249),
(399, 65, 250),
(400, 66, 194),
(401, 66, 198),
(402, 66, 249),
(403, 66, 250),
(404, 67, 193),
(405, 67, 194),
(406, 67, 195),
(407, 67, 196),
(408, 68, 243),
(409, 68, 245),
(410, 68, 247),
(411, 68, 250),
(412, 69, 243),
(413, 69, 245),
(414, 69, 247),
(415, 69, 250),
(416, 70, 195),
(417, 70, 197),
(418, 70, 199),
(419, 70, 200),
(420, 71, 196),
(421, 71, 194),
(422, 71, 195),
(423, 71, 193),
(424, 72, 196),
(425, 72, 194),
(426, 72, 195),
(427, 72, 193),
(428, 73, 196),
(429, 73, 193),
(430, 73, 195),
(431, 73, 194),
(432, 74, 196),
(433, 74, 193),
(434, 74, 195),
(435, 74, 194),
(436, 75, 196),
(437, 75, 194),
(438, 75, 195),
(439, 75, 193),
(440, 76, 196),
(441, 76, 194),
(442, 76, 195),
(443, 76, 193),
(444, 77, 193),
(445, 77, 194),
(446, 77, 195),
(447, 77, 196),
(448, 78, 225),
(449, 78, 238),
(450, 78, 236),
(451, 78, 239),
(452, 79, 225),
(453, 79, 238),
(454, 79, 236),
(455, 79, 239),
(456, 80, 225),
(457, 80, 236),
(458, 80, 238),
(459, 80, 239),
(460, 81, 225),
(461, 81, 236),
(462, 81, 238),
(463, 81, 239),
(464, 82, 193),
(465, 82, 194),
(466, 82, 195),
(467, 82, 196),
(468, 83, 196),
(469, 83, 194),
(470, 83, 195),
(471, 83, 193),
(472, 84, 196),
(473, 84, 194),
(474, 84, 195),
(475, 84, 193),
(476, 85, 198),
(477, 85, 196),
(478, 85, 194),
(479, 85, 206),
(480, 85, 200),
(481, 85, 224),
(482, 85, 225),
(483, 85, 251),
(484, 85, 216),
(485, 85, 250),
(486, 85, 215),
(487, 85, 234),
(488, 85, 208),
(489, 85, 199),
(490, 85, 197),
(491, 85, 195),
(492, 85, 193),
(493, 85, 201),
(494, 85, 222),
(495, 85, 223),
(496, 85, 214),
(497, 85, 209),
(498, 85, 248),
(499, 85, 205),
(500, 85, 244),
(501, 85, 232),
(502, 86, 198),
(503, 86, 196),
(504, 86, 194),
(505, 86, 206),
(506, 86, 200),
(507, 86, 224),
(508, 86, 225),
(509, 86, 251),
(510, 86, 216),
(511, 86, 250),
(512, 86, 215),
(513, 86, 234),
(514, 86, 208),
(515, 86, 199),
(516, 86, 197),
(517, 86, 195),
(518, 86, 193),
(519, 86, 201),
(520, 86, 222),
(521, 86, 223),
(522, 86, 214),
(523, 86, 209),
(524, 86, 248),
(525, 86, 205),
(526, 86, 244),
(527, 86, 232),
(528, 87, 196),
(529, 87, 194),
(530, 87, 195),
(531, 87, 193),
(532, 88, 196),
(533, 88, 194),
(534, 88, 195),
(535, 88, 193),
(536, 89, 196),
(537, 89, 194),
(538, 89, 195),
(539, 89, 193),
(540, 90, 215),
(541, 90, 204),
(542, 90, 222),
(543, 90, 217),
(544, 90, 240),
(545, 90, 230),
(546, 90, 233),
(547, 90, 199),
(548, 91, 225),
(549, 91, 236),
(550, 91, 238),
(551, 91, 239),
(552, 92, 208),
(553, 92, 199),
(554, 92, 207),
(555, 92, 193),
(556, 93, 208),
(557, 93, 199),
(558, 93, 207),
(559, 93, 193),
(560, 94, 225),
(561, 94, 236),
(562, 94, 238),
(563, 94, 239);

-- --------------------------------------------------------

--
-- Struktur dari tabel `gejala`
--

CREATE TABLE `gejala` (
  `id` int(11) NOT NULL,
  `nama` varchar(40) NOT NULL
) ENGINE=InnoDB DEFAULT CHARSET=latin1;

--
-- Dumping data untuk tabel `gejala`
--

INSERT INTO `gejala` (`id`, `nama`) VALUES
(193, 'Ngorok'),
(194, 'Menggeleng-gelengkan kepala '),
(195, 'Mengeluarkan nanah dari hidung '),
(196, 'Batuk '),
(197, 'Bersin '),
(198, 'Tampak lesu dan mengantuk '),
(199, 'Nafsu makan menurun'),
(200, 'Nafsu minum menurun'),
(201, 'Mencret '),
(202, 'Jengger dan kepala kebiruan '),
(203, 'Kornea menjadi keruh '),
(204, 'Gemetar '),
(205, 'Kejang-kejang '),
(206, 'Bulu tampak kusam '),
(207, 'Diare berlendir mengotori bulu pantat '),
(208, 'Bulu lengket di sekitar pantat'),
(209, 'Mematok dubur sendiri '),
(210, 'Paruh menempel di lantai ketika tidur '),
(211, 'Terdapat kotoran warna darah menempel di'),
(212, 'Kloaka tampak putih '),
(213, 'Mata menutup '),
(214, 'Lumpuh '),
(215, 'Bulu kusam dan mengkerut'),
(216, 'Diare'),
(217, 'Badan kurus'),
(218, 'Produksi telur menurun'),
(219, 'Keluar nanah dari mata'),
(220, 'Nafas cepat'),
(221, 'Sesak nafas '),
(222, 'Nafas megap-megap'),
(223, 'Terdapat leleran hidung lengket'),
(224, 'Terdapat cairan berbusa pada mata'),
(225, 'Kualitas telur jelek'),
(226, 'Sayap menggantung'),
(227, 'Pincang'),
(228, 'Sempoyongan'),
(229, 'Muka pucat'),
(230, 'Pembengkakan dari sinus dan mata'),
(231, 'Duduk membungkuk'),
(232, 'Kotoran kehijau-hijauan'),
(233, 'Kotoran keputih-putihan'),
(234, 'Diare kehijau-hijauan'),
(235, 'Kepala dan leher bergetar'),
(236, 'Warna telur pudar / menghilang'),
(237, 'Kelainan bentuk telur'),
(238, 'Telur kerabang lunak '),
(239, 'Telur tanpa kerabang'),
(240, 'Muka / kepala bengkak'),
(241, 'Keluar cairan encer dari mata dan hidung'),
(242, 'Terdapat lendir bercampur darah pada ron'),
(243, 'Batuk darah'),
(244, 'Murung '),
(245, 'Perut bengkak'),
(246, 'Kaki radang'),
(247, 'Kaki bengkak'),
(248, 'Kedinginan'),
(249, 'Sianosis / nampak membiru'),
(250, 'Pertumbuhan terhambat'),
(251, 'Jengger pucat'),
(252, 'Kepala tertunduk'),
(253, 'Jengger / pial menyusut'),
(254, 'Mati secara mendadak');

-- --------------------------------------------------------

--
-- Struktur dari tabel `pengguna`
--

CREATE TABLE `pengguna` (
  `id` int(11) NOT NULL,
  `nama` varchar(40) NOT NULL,
  `username` varchar(30) NOT NULL,
  `password` varchar(35) NOT NULL
) ENGINE=InnoDB DEFAULT CHARSET=latin1;

--
-- Dumping data untuk tabel `pengguna`
--

INSERT INTO `pengguna` (`id`, `nama`, `username`, `password`) VALUES
(3, 'Admin Website', 'admin', 'c4ca4238a0b923820dcc509a6f75849b'),
(4, 'Admin Website', 'admin2', 'c4ca4238a0b923820dcc509a6f75849b'),
(5, 'Admin Website', 'admin3', 'c4ca4238a0b923820dcc509a6f75849b');

-- --------------------------------------------------------

--
-- Struktur dari tabel `penyakit`
--

CREATE TABLE `penyakit` (
  `id` int(11) NOT NULL,
  `nama` varchar(40) NOT NULL,
  `solusi` text DEFAULT NULL
) ENGINE=InnoDB DEFAULT CHARSET=latin1;

--
-- Dumping data untuk tabel `penyakit`
--

INSERT INTO `penyakit` (`id`, `nama`, `solusi`) VALUES
(47, 'Encefalomielitis unggas', '1. Vaksin\r\n2. Anak ayam yang kondisinya parah, sebaiknya diafkir. Untuk anak ayam yang sudah mati, bangkainya bisa dimusnahkan dengan cara dibakar atau dikubur. \r\n3. Anak ayam yang kondisinya belum parah perlu diisolasi dan diberi nutrisi, serta disuplementasi dengan vitamin Fortevit atau Kumavit. Pemberian antibiotik pada kasus ini tidak terlalu direkomendasikan, kecuali apabila ditemukan penyakit bakterial lainnya yang juga menginfeksi ayam dalam waktu bersamaan.\r\n4. Ayam dewasa yang dikhawatirkan sebagai pembawa penyakit dapat disembelih, serta dagingnya bisa dikonsumsi dan telurnya bisa dijual sebagai telur konsumsi. Ayam dewasa yang terserang memang bisa sembuh, namun sangat sedikit yang bisa mencapai kesembuhan sempurna dan ayam tersebut biasanya sudah tidak efisien lagi untuk dipelihara.\r\n5. Segera perketat biosecurity. Kandang dan peralatan yang tercemar harus segera didesinfeksi. Virus AE termasuk virus yang relatif stabil karena strukturnya tidak beramplop. Untuk itu kita perlu memilih desinfektan yang sesuai digunakan membasmi virus AE, seperti dari golongan iodine Antisep atau Neo Antisep dan aldehyde Formades Plus atau Sporades. '),
(48, 'Gumboro', '1. Vaksin\r\n2. Ambil gula merah sebanyak 100 gram, kunyit sebanyak 100 gram, lempuyang sebanyak 100 gram, dan air sebanyak 1liter. Campur semua bahan-bahan tersebut kemudian diblender dengan air, dan direbus hingga mendidih. Kemudian dinginkan dan saring dan jadilah jamu herbal. Jamu ini bisa dicampur dengan air bersih atau diencerkan hingga menjadi 10 liter. Berikan jamu herbal pada ayam yang terkena penyakit gumboro selama 7 hari berturut-turut. '),
(49, 'Penyakit tetelo', '1. Vaksin\r\n2. Ambil daun pepaya yang sudah terlihat tua, namun belum menguning , letakkan pada wadah atau mangkok yang berisi air sebanyak 100 ml, peras daun pepaya yang sudah diberi air hingga berwarna hijau pekat, minumkan air ekstrak tersebut pada ayam sebanyak dua sendok makan atau sekitar 5 ml secara rutin tiga kali sehari, pada hari ketiga dosis dikurangi menjadi dua kali sehari.'),
(50, 'Bronkitis menular', '1. Vaksin\r\n2. Pemberian obat antibiotik selama 3 sampai 5 hari '),
(51, 'Sampar itik', '1. Vaksin'),
(52, 'Kerabang telur lembek', '1. Menjaga kondisi badan tetap baik dan meningkatkan nafsu makan dengan memberikan Vita Stress. \r\n2. Infeksi sekunder dicegah dengan memberikan Therapy atau Doxyvet. '),
(53, 'Laryngotracheitis menular', '1. Vaksin\r\n2. Gunakan kapas untuk melepaskan sumbatan pada saluran pernafasan.\r\n3. Berikan antibiotik seperti Neo Meditril atau Ampicol untuk mencegah infeksi sekunder, untuk membantu proses penyembuhan ayam berikan vitamin seperti Fortevit.\r\n4. Memisahkan ayam yang terlihat sakit agar tidak menulari ayam yang sehat. Keluarkan ayam yang mati dan kuburkan jauh dari area kandang.'),
(54, 'Leukosit unggas', '1. Vaksin belum tersedia.\r\n2. Diperlukan pemberantasan untuk memotong rantai penularan'),
(55, 'Penyakit marek', '1. Vaksin\r\n2. sanitasi dan ventilasi yang baik.\r\n3. pemusnahan bangkai yang sempurna.'),
(56, 'Radang sendi menular', '1. Pemberian chlortetracyline atau oxytetracycline pada pakan.\r\n2. Pemberian obat 200mg streptomycin.'),
(57, 'Penyakit jengger biru', '1. Pemberian dan penyesuaian alat pemanas pada ayam.\r\n2. Pakan dicampur antibiotik dan vitamin yang larut dalam air.\r\n'),
(58, 'Flu burung', '1. Vaksin\r\n2. Peningkatan biosekuriti\r\n3. Pemusnahan terbatas atau selektif di daerah tertular\r\n4. Pengendalian lalu lintas keluar masuk unggas'),
(59, 'Infeksi pasteura anatipestifer', '1. Pengobatan dengan preparat sulfa serta memberikan antibiotik seperti streptomisin, erytromisin, novobiosin, gentamisin.'),
(60, 'Kolibasilosis unggas', '1. Pengobatan dimulai  dari memperbaiki sanitasi lingkungan, pakan, dan air.\r\n2. Pemberian nitrofurans atau neomisin'),
(61, 'Berak kapur', '1. Pengobatan dilakukan menggunakan preparat sulfa dan antibiotik'),
(62, 'Tipus unggas', '1. Pengobatan dilakukan menggunakan preparat sulfa, nitrofuran dan antibitotik.'),
(63, 'Tuberculosis unggas', '1. Pengobatan tidak efektif\r\n2. Mengeleminasi ayam yang sakit\r\n3. Mensanitasi lingkungan secara ketat'),
(64, 'Penyakit pernafasan menahun', '1. Pemberian basitrasin eritromisin, tilosin, spektinomisin dan linkomisin melalui makanan, air minum atau injeksi'),
(65, 'Pilek ayam', '1. Pemberian obat sulfatiasol atau sulfadimetoksin\r\n2. Pemberian obat sulfametasin, sulfamerasin atau eritrimisin'),
(66, 'Aspergillosis', '1. Pemberian obat Copper sulfate 1 gr/5 liter air minum selama 3 hari atau nistatin 100 gr/ton pakan. \r\n2. Pemberian vitamin konsentrasi tinggi seperti Fortevit.'),
(67, 'Caplak Unggas', '1. Pengobatan dilakukan dengan fumigasi atau pencelupan dengan insektisida klordan 2,5 %, piretrum 10% dan na-fluorida');

-- --------------------------------------------------------

--
-- Struktur dari tabel `riwayat`
--

CREATE TABLE `riwayat` (
  `id` int(11) NOT NULL,
  `id_penyakit` int(11) NOT NULL,
  `tanggal` timestamp NOT NULL DEFAULT current_timestamp() ON UPDATE current_timestamp(),
  `ip` varchar(13) NOT NULL
) ENGINE=InnoDB DEFAULT CHARSET=latin1;

--
-- Dumping data untuk tabel `riwayat`
--

INSERT INTO `riwayat` (`id`, `id_penyakit`, `tanggal`, `ip`) VALUES
(1, 15, '2022-04-04 22:43:03', '::1'),
(2, 19, '2022-04-04 22:50:34', '180.253.162.1'),
(3, 21, '2022-04-04 22:50:56', '180.253.162.1'),
(4, 12, '2022-04-04 22:51:13', '180.253.162.1'),
(5, 10, '2022-04-04 22:53:56', '180.253.162.1'),
(6, 10, '2022-04-04 22:59:21', '114.125.94.17'),
(7, 21, '2022-04-04 23:00:30', '114.125.94.17'),
(8, 21, '2022-04-04 23:01:29', '114.125.94.17'),
(9, 21, '2022-04-04 23:03:17', '114.125.94.17'),
(10, 5, '2022-04-04 23:05:09', '114.125.94.17'),
(11, 23, '2022-04-04 23:12:31', '114.125.94.17'),
(12, 21, '2022-04-04 23:14:21', '114.125.94.17'),
(13, 21, '2022-04-04 23:18:36', '114.125.94.17'),
(14, 21, '2022-04-04 23:22:41', '114.125.94.17'),
(15, 21, '2022-04-04 23:23:57', '114.125.94.17'),
(16, 21, '2022-04-04 23:25:23', '114.125.94.17'),
(17, 68, '2022-04-05 00:32:52', '114.125.79.18'),
(18, 68, '2022-04-05 00:37:21', '114.125.79.18'),
(19, 68, '2022-04-05 00:39:15', '114.125.79.18'),
(20, 66, '2022-04-05 00:44:03', '114.125.79.18'),
(21, 66, '2022-04-05 00:44:36', '114.125.79.18'),
(22, 52, '2022-04-05 00:50:07', '114.125.79.18'),
(23, 66, '2022-04-05 00:51:10', '114.125.79.18'),
(24, 66, '2022-04-05 00:52:15', '114.125.79.18'),
(25, 66, '2022-04-05 01:04:12', '114.125.79.18'),
(26, 66, '2022-04-05 01:05:36', '114.125.79.18'),
(27, 66, '2022-04-05 01:18:21', '182.253.139.1'),
(28, 66, '2022-04-05 01:19:35', '182.253.139.1'),
(29, 50, '2022-04-05 01:26:27', '180.253.162.1'),
(30, 66, '2022-04-05 01:30:39', '182.253.139.1'),
(31, 66, '2022-04-05 01:33:55', '180.253.162.1'),
(32, 48, '2022-04-05 01:42:54', '180.253.162.1'),
(33, 48, '2022-04-05 01:44:07', '182.253.139.1'),
(34, 47, '2022-04-05 01:44:52', '182.253.139.1'),
(35, 49, '2022-04-05 01:46:21', '182.253.139.1'),
(36, 50, '2022-04-05 01:50:18', '182.253.139.1'),
(37, 51, '2022-04-05 01:56:08', '182.253.139.1'),
(38, 53, '2022-04-05 01:58:17', '182.253.139.1'),
(39, 54, '2022-04-05 02:01:52', '182.253.139.1'),
(40, 55, '2022-04-05 02:04:29', '182.253.139.1'),
(41, 56, '2022-04-05 02:08:58', '182.253.139.1'),
(42, 57, '2022-04-05 02:09:51', '182.253.139.1'),
(43, 58, '2022-04-05 02:10:42', '182.253.139.1'),
(44, 59, '2022-04-05 02:13:30', '182.253.139.1'),
(45, 60, '2022-04-05 02:15:47', '182.253.139.1'),
(46, 61, '2022-04-05 02:16:39', '182.253.139.1'),
(47, 62, '2022-04-05 02:17:30', '182.253.139.1'),
(48, 63, '2022-04-05 02:17:53', '182.253.139.1'),
(49, 64, '2022-04-05 02:18:54', '182.253.139.1'),
(50, 65, '2022-04-05 02:20:08', '182.253.139.1'),
(51, 66, '2022-04-05 02:20:42', '182.253.139.1'),
(52, 67, '2022-04-05 02:21:03', '182.253.139.1'),
(53, 48, '2022-04-05 02:25:25', '182.253.139.1'),
(54, 52, '2022-04-05 05:16:34', '182.253.139.1'),
(55, 67, '2022-04-05 23:55:15', '182.253.139.1'),
(56, 61, '2022-04-05 23:59:52', '182.253.139.1'),
(57, 61, '2022-04-06 03:12:51', '182.253.139.1'),
(58, 65, '2022-04-06 03:14:19', '182.253.139.1'),
(59, 48, '2022-04-06 11:37:51', '182.253.139.1'),
(60, 65, '2022-04-06 23:08:39', '182.1.69.122'),
(61, 53, '2022-04-07 12:54:31', '182.253.139.1'),
(62, 53, '2022-04-07 12:54:42', '182.253.139.1'),
(63, 50, '2022-04-09 18:20:18', '182.1.117.35'),
(64, 53, '2022-04-10 02:15:58', '182.1.97.124'),
(65, 66, '2022-04-11 20:38:05', '180.253.160.1'),
(66, 66, '2022-04-11 20:39:10', '180.253.160.1'),
(67, 53, '2022-04-15 06:58:25', '125.166.116.1'),
(68, 61, '2022-04-19 22:47:33', '180.253.164.2'),
(69, 61, '2022-04-19 22:47:53', '180.253.164.2'),
(70, 65, '2022-04-28 06:55:02', '125.166.119.1'),
(71, 53, '2022-04-28 08:32:38', '182.253.139.2'),
(72, 53, '2022-04-28 08:32:38', '182.253.139.2'),
(73, 53, '2022-05-07 17:54:43', '114.125.103.9'),
(74, 53, '2022-05-07 17:54:43', '114.125.103.9'),
(75, 53, '2022-05-07 18:07:45', '114.125.103.9'),
(76, 53, '2022-05-07 18:07:45', '114.125.103.9'),
(77, 53, '2022-05-07 18:08:44', '182.253.139.1'),
(78, 52, '2022-05-07 18:15:50', '114.125.103.9'),
(79, 52, '2022-05-07 18:15:50', '114.125.103.9'),
(80, 52, '2022-05-07 18:18:45', '182.253.139.1'),
(81, 52, '2022-05-07 20:36:12', '180.253.160.9'),
(82, 53, '2022-05-07 21:16:46', '182.253.139.1'),
(83, 53, '2022-05-09 08:43:03', '182.253.139.1'),
(84, 53, '2022-05-09 08:43:04', '182.253.139.1'),
(85, 66, '2022-05-11 04:43:11', '114.125.125.1'),
(86, 66, '2022-05-11 04:43:11', '114.125.125.1'),
(87, 53, '2022-05-11 04:43:36', '114.125.125.1'),
(88, 53, '2022-05-11 04:43:37', '114.125.125.1'),
(89, 53, '2022-05-11 21:56:44', '182.1.125.99'),
(90, 66, '2022-05-13 10:08:23', '103.166.10.80'),
(91, 52, '2022-05-14 04:27:45', '125.166.118.2'),
(92, 50, '2022-05-14 07:21:52', '103.156.141.1'),
(93, 50, '2022-05-14 07:21:54', '103.156.141.1'),
(94, 52, '2022-05-15 00:49:00', '125.166.117.6');

-- --------------------------------------------------------

--
-- Struktur dari tabel `role_penyakit`
--

CREATE TABLE `role_penyakit` (
  `id` int(11) NOT NULL,
  `id_penyakit` int(11) NOT NULL,
  `id_gejala` int(11) NOT NULL
) ENGINE=InnoDB DEFAULT CHARSET=latin1;

--
-- Dumping data untuk tabel `role_penyakit`
--

INSERT INTO `role_penyakit` (`id`, `id_penyakit`, `id_gejala`) VALUES
(1, 1, 6),
(2, 1, 11),
(3, 1, 22),
(4, 1, 26),
(5, 1, 36),
(6, 1, 43),
(7, 1, 52),
(8, 2, 6),
(9, 2, 7),
(10, 2, 8),
(11, 2, 14),
(12, 2, 15),
(13, 2, 17),
(14, 2, 18),
(15, 2, 36),
(16, 3, 1),
(17, 3, 4),
(18, 3, 5),
(19, 3, 6),
(20, 3, 7),
(21, 3, 10),
(22, 3, 20),
(23, 3, 26),
(24, 3, 29),
(25, 3, 30),
(26, 3, 42),
(27, 3, 45),
(28, 3, 48),
(29, 4, 1),
(30, 4, 7),
(31, 4, 8),
(32, 4, 12),
(33, 4, 26),
(34, 4, 28),
(35, 4, 30),
(36, 4, 33),
(37, 4, 45),
(38, 4, 49),
(39, 5, 6),
(40, 5, 12),
(41, 5, 19),
(42, 5, 22),
(43, 5, 24),
(44, 5, 26),
(45, 5, 34),
(46, 5, 36),
(47, 5, 49),
(48, 5, 57),
(49, 6, 33),
(50, 6, 44),
(51, 6, 46),
(52, 6, 47),
(53, 7, 1),
(54, 7, 2),
(55, 7, 4),
(56, 7, 5),
(57, 7, 29),
(58, 7, 31),
(59, 7, 49),
(60, 7, 50),
(61, 7, 51),
(62, 7, 52),
(63, 8, 6),
(64, 8, 25),
(65, 8, 26),
(66, 8, 42),
(67, 8, 53),
(68, 9, 6),
(69, 9, 10),
(70, 9, 22),
(71, 9, 25),
(72, 9, 28),
(73, 9, 34),
(74, 9, 35),
(75, 9, 36),
(76, 9, 37),
(77, 9, 38),
(78, 10, 22),
(79, 10, 25),
(80, 10, 35),
(81, 10, 39),
(82, 10, 52),
(83, 10, 54),
(84, 10, 55),
(85, 11, 6),
(86, 11, 7),
(87, 11, 9),
(88, 11, 57),
(89, 11, 56),
(90, 12, 1),
(91, 12, 4),
(92, 12, 5),
(93, 12, 7),
(94, 12, 9),
(95, 12, 26),
(96, 12, 30),
(97, 12, 32),
(98, 12, 48),
(99, 12, 57),
(100, 12, 62),
(101, 13, 4),
(102, 13, 5),
(103, 13, 12),
(104, 13, 36),
(105, 13, 42),
(106, 13, 49),
(107, 14, 7),
(108, 14, 16),
(109, 14, 23),
(110, 14, 24),
(111, 14, 25),
(112, 14, 52),
(113, 14, 58),
(114, 15, 6),
(115, 15, 16),
(116, 15, 24),
(117, 15, 30),
(118, 15, 40),
(119, 15, 41),
(120, 15, 52),
(121, 15, 55),
(122, 15, 56),
(123, 15, 60),
(124, 16, 6),
(125, 16, 7),
(126, 16, 8),
(127, 16, 23),
(128, 16, 25),
(129, 16, 42),
(130, 16, 59),
(131, 17, 24),
(132, 17, 25),
(133, 17, 37),
(134, 17, 59),
(135, 17, 61),
(136, 18, 1),
(137, 18, 5),
(138, 18, 32),
(139, 18, 49),
(140, 18, 60),
(141, 19, 1),
(142, 19, 2),
(143, 19, 3),
(144, 19, 5),
(145, 19, 7),
(146, 19, 8),
(147, 19, 21),
(148, 19, 24),
(149, 19, 26),
(150, 19, 27),
(151, 19, 28),
(152, 19, 31),
(153, 19, 48),
(154, 19, 58),
(155, 20, 4),
(156, 20, 6),
(157, 20, 7),
(158, 20, 13),
(159, 20, 25),
(160, 20, 30),
(161, 20, 57),
(162, 21, 6),
(163, 21, 7),
(164, 21, 25),
(165, 21, 26),
(166, 21, 59),
(167, 22, 0),
(168, 23, 125),
(169, 23, 126),
(170, 23, 127),
(171, 46, 1),
(172, 46, 2),
(173, 46, 3),
(174, 46, 4),
(175, 46, 5),
(176, 46, 6),
(177, 46, 7),
(178, 46, 190),
(179, 46, 191),
(180, 46, 192),
(181, 47, 198),
(182, 47, 203),
(183, 47, 214),
(184, 47, 218),
(185, 47, 228),
(186, 47, 235),
(187, 47, 243),
(188, 48, 198),
(189, 48, 199),
(190, 48, 200),
(191, 48, 206),
(192, 48, 207),
(193, 48, 209),
(194, 48, 210),
(195, 48, 228),
(196, 49, 193),
(197, 49, 196),
(198, 49, 197),
(199, 49, 198),
(200, 49, 199),
(201, 49, 202),
(202, 49, 212),
(203, 49, 218),
(204, 49, 221),
(205, 49, 222),
(206, 49, 234),
(207, 49, 236),
(208, 49, 237),
(209, 49, 240),
(210, 50, 193),
(211, 50, 199),
(212, 50, 200),
(213, 50, 204),
(214, 50, 218),
(215, 50, 220),
(216, 50, 222),
(217, 50, 225),
(218, 50, 237),
(219, 50, 241),
(220, 51, 198),
(221, 51, 204),
(222, 51, 211),
(223, 51, 214),
(224, 51, 216),
(225, 51, 218),
(226, 51, 226),
(227, 51, 228),
(228, 51, 241),
(229, 51, 249),
(230, 52, 225),
(231, 52, 236),
(232, 52, 238),
(233, 52, 239),
(234, 53, 193),
(235, 53, 194),
(236, 53, 196),
(237, 53, 197),
(238, 53, 221),
(239, 53, 223),
(240, 53, 241),
(241, 53, 242),
(242, 53, 243),
(243, 53, 244),
(244, 54, 198),
(245, 54, 217),
(246, 54, 218),
(247, 54, 234),
(248, 54, 245),
(249, 55, 198),
(250, 55, 202),
(251, 55, 214),
(252, 55, 217),
(253, 55, 220),
(254, 55, 226),
(255, 55, 227),
(256, 55, 228),
(257, 55, 229),
(258, 55, 230),
(259, 56, 214),
(260, 56, 217),
(261, 56, 227),
(262, 56, 231),
(263, 56, 244),
(264, 56, 246),
(265, 56, 247),
(266, 57, 198),
(267, 57, 199),
(268, 57, 201),
(269, 57, 248),
(270, 57, 249),
(271, 58, 193),
(272, 58, 196),
(273, 58, 197),
(274, 58, 199),
(275, 58, 201),
(276, 58, 218),
(277, 58, 222),
(278, 58, 224),
(279, 58, 240),
(280, 58, 249),
(281, 58, 254),
(282, 59, 196),
(283, 59, 197),
(284, 59, 204),
(285, 59, 228),
(286, 59, 234),
(287, 59, 241),
(288, 60, 199),
(289, 60, 208),
(290, 60, 215),
(291, 60, 216),
(292, 60, 217),
(293, 60, 244),
(294, 60, 250),
(295, 61, 198),
(296, 61, 208),
(297, 61, 216),
(298, 61, 222),
(299, 61, 232),
(300, 61, 233),
(301, 61, 244),
(302, 61, 247),
(303, 61, 248),
(304, 61, 252),
(305, 62, 198),
(306, 62, 199),
(307, 62, 200),
(308, 62, 215),
(309, 62, 217),
(310, 62, 234),
(311, 62, 251),
(312, 63, 216),
(313, 63, 217),
(314, 63, 229),
(315, 63, 251),
(316, 63, 252),
(317, 64, 193),
(318, 64, 197),
(319, 64, 224),
(320, 64, 241),
(321, 64, 252),
(322, 67, 198),
(323, 67, 199),
(324, 67, 217),
(325, 67, 218),
(326, 67, 251),
(327, 66, 196),
(328, 66, 198),
(329, 66, 199),
(330, 66, 205),
(331, 66, 217),
(332, 66, 222),
(333, 66, 249),
(334, 65, 193),
(335, 65, 194),
(336, 65, 195),
(337, 65, 197),
(338, 65, 199),
(339, 65, 200),
(340, 65, 213),
(341, 65, 216),
(342, 65, 218),
(343, 65, 219),
(344, 65, 220),
(345, 65, 223),
(346, 65, 240),
(347, 65, 250),
(348, 71, 193);

--
-- Indexes for dumped tables
--

--
-- Indeks untuk tabel `detail_riwayat`
--
ALTER TABLE `detail_riwayat`
  ADD PRIMARY KEY (`id`);

--
-- Indeks untuk tabel `gejala`
--
ALTER TABLE `gejala`
  ADD PRIMARY KEY (`id`);

--
-- Indeks untuk tabel `pengguna`
--
ALTER TABLE `pengguna`
  ADD PRIMARY KEY (`id`);

--
-- Indeks untuk tabel `penyakit`
--
ALTER TABLE `penyakit`
  ADD PRIMARY KEY (`id`);

--
-- Indeks untuk tabel `riwayat`
--
ALTER TABLE `riwayat`
  ADD PRIMARY KEY (`id`);

--
-- Indeks untuk tabel `role_penyakit`
--
ALTER TABLE `role_penyakit`
  ADD PRIMARY KEY (`id`);

--
-- AUTO_INCREMENT untuk tabel yang dibuang
--

--
-- AUTO_INCREMENT untuk tabel `detail_riwayat`
--
ALTER TABLE `detail_riwayat`
  MODIFY `id` int(11) NOT NULL AUTO_INCREMENT, AUTO_INCREMENT=564;

--
-- AUTO_INCREMENT untuk tabel `gejala`
--
ALTER TABLE `gejala`
  MODIFY `id` int(11) NOT NULL AUTO_INCREMENT, AUTO_INCREMENT=261;

--
-- AUTO_INCREMENT untuk tabel `pengguna`
--
ALTER TABLE `pengguna`
  MODIFY `id` int(11) NOT NULL AUTO_INCREMENT, AUTO_INCREMENT=6;

--
-- AUTO_INCREMENT untuk tabel `penyakit`
--
ALTER TABLE `penyakit`
  MODIFY `id` int(11) NOT NULL AUTO_INCREMENT, AUTO_INCREMENT=72;

--
-- AUTO_INCREMENT untuk tabel `riwayat`
--
ALTER TABLE `riwayat`
  MODIFY `id` int(11) NOT NULL AUTO_INCREMENT, AUTO_INCREMENT=95;

--
-- AUTO_INCREMENT untuk tabel `role_penyakit`
--
ALTER TABLE `role_penyakit`
  MODIFY `id` int(11) NOT NULL AUTO_INCREMENT, AUTO_INCREMENT=349;
COMMIT;

/*!40101 SET CHARACTER_SET_CLIENT=@OLD_CHARACTER_SET_CLIENT */;
/*!40101 SET CHARACTER_SET_RESULTS=@OLD_CHARACTER_SET_RESULTS */;
/*!40101 SET COLLATION_CONNECTION=@OLD_COLLATION_CONNECTION */;
